Workbook

Sheet Dashboard & Overview
A1: PROJECT MANAGEMENT & TIME TRACKING SYSTEM — MASTER DEVELOPMENT DASHBOARD
A2: Go (Golang) Backend + PostgreSQL + Modern Frontend | Live Progress Tracker & Effort Breakdown
A4: 1. EXECUTIVE SUMMARY & RECOMMENDED TECH STACK (ZERO-BUG ARCHITECTURE)
A5: Backend Language & Framework | B5: Go (Golang) 1.22+ with Gin or Echo + Clean/Hexagonal Architecture | C5: Total Roadmap Milestones | D5: =COUNTA('Step-by-Step Roadmap'!A5:A24) | E5: Total Granular Tasks | F5: =COUNTA('Full Task Breakdown'!A5:A41) | G5: QA Verification Gates | H5: =COUNTA('Zero-Bug QA Checklist'!A5:A14)
A6: Database & Caching Layer | B6: PostgreSQL 16 (pgx/v5 + golang-migrate) + Redis 7 (JWT & Rate Limit) | C6: Roadmap Est. Hours | D6: =SUM('Step-by-Step Roadmap'!I5:I24) | E6: Task Breakdown Est. Hours | F6: =SUM('Full Task Breakdown'!K5:K41) | G6: Critical Priority Tasks | H6: =COUNTIF('Full Task Breakdown'!J5:J41,"Critical")
A7: Testing & Zero-Bug Tooling | B7: Go Race Detector (-race), testcontainers-go, golangci-lint, Playwright | C7: Completed Milestones | D7: =COUNTIF('Step-by-Step Roadmap'!L5:L24,"Completed") | E7: Completed Tasks | F7: =COUNTIF('Full Task Breakdown'!M5:M41,"Completed") | G7: Overall Task Completion % | H7: =COUNTIF('Full Task Breakdown'!M5:M41,"Completed")/COUNTA('Full Task Breakdown'!A5:A41)
A9: 2. PHASE-BY-PHASE DEVELOPMENT SUMMARY (AUTO-CALCULATED FROM SHEETS 2 & 3)
A10: Development Phase | B10: Core Focus Area | C10: Milestones (Sheet 2) | D10: Granular Tasks (Sheet 3) | E10: Task Est. Hours | F10: Task Actual Hours | G10: % of Total Effort | H10: Tasks Completed
A11: Phase 1: Foundation & DB Setup | B11: Go Clean Architecture, PostgreSQL 16 Migrations, Error/Log Middleware | C11: =COUNTIF('Step-by-Step Roadmap'!$B$5:$B$24, A11) | D11: =COUNTIF('Full Task Breakdown'!$B$5:$B$41, A11) | E11: =SUMIF('Full Task Breakdown'!$B$5:$B$41, A11, 'Full Task Breakdown'!$K$5:$K$41) | F11: =SUMIF('Full Task Breakdown'!$B$5:$B$41, A11, 'Full Task Breakdown'!$L$5:$L$41) | G11: =E11/$E$19 | H11: =COUNTIFS('Full Task Breakdown'!$B$5:$B$41, A11, 'Full Task Breakdown'!$M$5:$M$41, "Completed")
A12: Phase 2: Auth & Role Engine | B12: JWT Security, User Capacity & Project Role Engine (Dev / QA / BA / PM) | C12: =COUNTIF('Step-by-Step Roadmap'!$B$5:$B$24, A12) | D12: =COUNTIF('Full Task Breakdown'!$B$5:$B$41, A12) | E12: =SUMIF('Full Task Breakdown'!$B$5:$B$41, A12, 'Full Task Breakdown'!$K$5:$K$41) | F12: =SUMIF('Full Task Breakdown'!$B$5:$B$41, A12, 'Full Task Breakdown'!$L$5:$L$41) | G12: =E12/$E$19 | H12: =COUNTIFS('Full Task Breakdown'!$B$5:$B$41, A12, 'Full Task Breakdown'!$M$5:$M$41, "Completed")
A13: Phase 3: Project & Timeline Core | B13: Project CRUD, Timeline Boundary Guards, Team Capacity Calculator | C13: =COUNTIF('Step-by-Step Roadmap'!$B$5:$B$24, A13) | D13: =COUNTIF('Full Task Breakdown'!$B$5:$B$41, A13) | E13: =SUMIF('Full Task Breakdown'!$B$5:$B$41, A13, 'Full Task Breakdown'!$K$5:$K$41) | F13: =SUMIF('Full Task Breakdown'!$B$5:$B$41, A13, 'Full Task Breakdown'!$L$5:$L$41) | G13: =E13/$E$19 | H13: =COUNTIFS('Full Task Breakdown'!$B$5:$B$41, A13, 'Full Task Breakdown'!$M$5:$M$41, "Completed")
A14: Phase 4: Task Management | B14: Tasks within Project Range, DAG Dependencies, Dev Overload Detector | C14: =COUNTIF('Step-by-Step Roadmap'!$B$5:$B$24, A14) | D14: =COUNTIF('Full Task Breakdown'!$B$5:$B$41, A14) | E14: =SUMIF('Full Task Breakdown'!$B$5:$B$41, A14, 'Full Task Breakdown'!$K$5:$K$41) | F14: =SUMIF('Full Task Breakdown'!$B$5:$B$41, A14, 'Full Task Breakdown'!$L$5:$L$41) | G14: =E14/$E$19 | H14: =COUNTIFS('Full Task Breakdown'!$B$5:$B$41, A14, 'Full Task Breakdown'!$M$5:$M$41, "Completed")
A15: Phase 5: Deadline Feasibility Engine | B15: Can-We-Meet-Deadline Math Engine, Role Bottlenecks & What-If Simulator | C15: =COUNTIF('Step-by-Step Roadmap'!$B$5:$B$24, A15) | D15: =COUNTIF('Full Task Breakdown'!$B$5:$B$41, A15) | E15: =SUMIF('Full Task Breakdown'!$B$5:$B$41, A15, 'Full Task Breakdown'!$K$5:$K$41) | F15: =SUMIF('Full Task Breakdown'!$B$5:$B$41, A15, 'Full Task Breakdown'!$L$5:$L$41) | G15: =E15/$E$19 | H15: =COUNTIFS('Full Task Breakdown'!$B$5:$B$41, A15, 'Full Task Breakdown'!$M$5:$M$41, "Completed")
A16: Phase 6: Time Tracking Engine | B16: Concurrency-Safe Live Timer, Manual Logs, Overlap Guard & Burn-Down | C16: =COUNTIF('Step-by-Step Roadmap'!$B$5:$B$24, A16) | D16: =COUNTIF('Full Task Breakdown'!$B$5:$B$41, A16) | E16: =SUMIF('Full Task Breakdown'!$B$5:$B$41, A16, 'Full Task Breakdown'!$K$5:$K$41) | F16: =SUMIF('Full Task Breakdown'!$B$5:$B$41, A16, 'Full Task Breakdown'!$L$5:$L$41) | G16: =E16/$E$19 | H16: =COUNTIFS('Full Task Breakdown'!$B$5:$B$41, A16, 'Full Task Breakdown'!$M$5:$M$41, "Completed")
A17: Phase 7: Frontend Application | B17: React/Next.js Gantt Timeline, Kanban, Feasibility Gauge & Global Timer | C17: =COUNTIF('Step-by-Step Roadmap'!$B$5:$B$24, A17) | D17: =COUNTIF('Full Task Breakdown'!$B$5:$B$41, A17) | E17: =SUMIF('Full Task Breakdown'!$B$5:$B$41, A17, 'Full Task Breakdown'!$K$5:$K$41) | F17: =SUMIF('Full Task Breakdown'!$B$5:$B$41, A17, 'Full Task Breakdown'!$L$5:$L$41) | G17: =E17/$E$19 | H17: =COUNTIFS('Full Task Breakdown'!$B$5:$B$41, A17, 'Full Task Breakdown'!$M$5:$M$41, "Completed")
A18: Phase 8: QA, Hardening & Launch | B18: testcontainers-go Integration Suite, Race Checks, Playwright & Docker | C18: =COUNTIF('Step-by-Step Roadmap'!$B$5:$B$24, A18) | D18: =COUNTIF('Full Task Breakdown'!$B$5:$B$41, A18) | E18: =SUMIF('Full Task Breakdown'!$B$5:$B$41, A18, 'Full Task Breakdown'!$K$5:$K$41) | F18: =SUMIF('Full Task Breakdown'!$B$5:$B$41, A18, 'Full Task Breakdown'!$L$5:$L$41) | G18: =E18/$E$19 | H18: =COUNTIFS('Full Task Breakdown'!$B$5:$B$41, A18, 'Full Task Breakdown'!$M$5:$M$41, "Completed")
A19: TOTAL SYSTEM EFFORT | B19: Complete Zero-Bug Project & Time Tracking Platform | C19: =SUM(C11:C18) | D19: =SUM(D11:D18) | E19: =SUM(E11:E18) | F19: =SUM(F11:F18) | G19: =SUM(G11:G18) | H19: =SUM(H11:H18)
A21: 3. WORKLOAD BREAKDOWN BY ROLE (BACKEND GO / FRONTEND / QA / BA / DEVOPS)
A22: Engineering Role | B22: Primary Responsibility in Project | C22: Task Count | D22: Estimated Hours | E22: Actual Hours | F22: Share of Hours | G22: Completed Tasks | H22: Remaining Tasks
A23: Backend Dev (Go) | B23: Go REST APIs, PostgreSQL Queries, Feasibility & Timer Concurrency Engines | C23: =COUNTIF('Full Task Breakdown'!$I$5:$I$41, A23) | D23: =SUMIF('Full Task Breakdown'!$I$5:$I$41, A23, 'Full Task Breakdown'!$K$5:$K$41) | E23: =SUMIF('Full Task Breakdown'!$I$5:$I$41, A23, 'Full Task Breakdown'!$L$5:$L$41) | F23: =D23/$D$28 | G23: =COUNTIFS('Full Task Breakdown'!$I$5:$I$41, A23, 'Full Task Breakdown'!$M$5:$M$41, "Completed") | H23: =C23-G23
A24: Frontend Dev | B24: React/Next.js Timeline Gantt, Kanban Board, Feasibility Dashboard & Timer UI | C24: =COUNTIF('Full Task Breakdown'!$I$5:$I$41, A24) | D24: =SUMIF('Full Task Breakdown'!$I$5:$I$41, A24, 'Full Task Breakdown'!$K$5:$K$41) | E24: =SUMIF('Full Task Breakdown'!$I$5:$I$41, A24, 'Full Task Breakdown'!$L$5:$L$41) | F24: =D24/$D$28 | G24: =COUNTIFS('Full Task Breakdown'!$I$5:$I$41, A24, 'Full Task Breakdown'!$M$5:$M$41, "Completed") | H24: =C24-G24
A25: QA Engineer | B25: testcontainers-go Integration Suite, Race Condition Checks & Playwright E2E | C25: =COUNTIF('Full Task Breakdown'!$I$5:$I$41, A25) | D25: =SUMIF('Full Task Breakdown'!$I$5:$I$41, A25, 'Full Task Breakdown'!$K$5:$K$41) | E25: =SUMIF('Full Task Breakdown'!$I$5:$I$41, A25, 'Full Task Breakdown'!$L$5:$L$41) | F25: =D25/$D$28 | G25: =COUNTIFS('Full Task Breakdown'!$I$5:$I$41, A25, 'Full Task Breakdown'!$M$5:$M$41, "Completed") | H25: =C25-G25
A26: DevOps | B26: Docker Compose, PostgreSQL/Redis Containers & GitHub Actions CI/CD | C26: =COUNTIF('Full Task Breakdown'!$I$5:$I$41, A26) | D26: =SUMIF('Full Task Breakdown'!$I$5:$I$41, A26, 'Full Task Breakdown'!$K$5:$K$41) | E26: =SUMIF('Full Task Breakdown'!$I$5:$I$41, A26, 'Full Task Breakdown'!$L$5:$L$41) | F26: =D26/$D$28 | G26: =COUNTIFS('Full Task Breakdown'!$I$5:$I$41, A26, 'Full Task Breakdown'!$M$5:$M$41, "Completed") | H26: =C26-G26
A27: Business Analyst | B27: OpenAPI 3.0 Spec, Domain Validation Rules & Role Capacity Requirements | C27: =COUNTIF('Full Task Breakdown'!$I$5:$I$41, A27) | D27: =SUMIF('Full Task Breakdown'!$I$5:$I$41, A27, 'Full Task Breakdown'!$K$5:$K$41) | E27: =SUMIF('Full Task Breakdown'!$I$5:$I$41, A27, 'Full Task Breakdown'!$L$5:$L$41) | F27: =D27/$D$28 | G27: =COUNTIFS('Full Task Breakdown'!$I$5:$I$41, A27, 'Full Task Breakdown'!$M$5:$M$41, "Completed") | H27: =C27-G27
A28: TOTAL BY ROLE | B28: All Engineering Disciplines Combined | C28: =SUM(C23:C27) | D28: =SUM(D23:D27) | E28: =SUM(E23:E27) | F28: =SUM(F23:F27) | G28: =SUM(G23:G27) | H28: =SUM(H23:H27)

Sheet Step-by-Step Roadmap
A1: STEP-BY-STEP SYSTEM DEVELOPMENT ROADMAP (GO BACKEND + FULL STACK)
A2: Sequential 8-Phase Execution Plan with Mandatory Zero-Bug Quality Gates at Every Step
A4: Step ID | B4: Phase | C4: Step / Milestone Name | D4: What to Build (Step-by-Step Actions) | E4: Go Packages & Tech Stack | F4: Key Deliverable | G4: Zero-Bug Verification Gate (Must Pass Before Moving On) | H4: Dependencies | I4: Est. Hours | J4: Actual Hours | K4: Variance (Hrs) | L4: Status
A5: STEP-1.1 | B5: Phase 1: Foundation & DB Setup | C5: System Requirements & Domain Modeling | D5: 1. Define core entities: Organization, User, Project, ProjectMember (Dev/QA/BA/PM), Task, TaskDependency, TimeLog, HolidayCalendar. 2. Finalize state transitions for Projects (Draft -> Active -> OnHold -> Completed) and Tasks (Backlog -> Todo -> InProgress -> InQA -> Done). 3. Document API contract (OpenAPI 3.0 / Swagger YAML) before writing application code. | E5: OpenAPI 3.0, Swagger UI, Draw.io / dbdiagram.io | F5: Approved ERD Diagram & OpenAPI 3.0 Specification file | G5: Verify every user requirement (Project timeline, Dev/QA/BA roles, Task within project range, Deadline feasibility, Time tracking) maps to specific DB columns and API endpoints. | H5: None | I5: 8 | J5: 0 | K5: =I5-J5 | L5: Not Started
A6: STEP-1.2 | B6: Phase 1: Foundation & DB Setup | C6: Go Repository & Clean Architecture Scaffolding | D6: 1. Initialize Go module (`go mod init`). 2. Set up Clean/Hexagonal folder structure: `/cmd/api`, `/internal/domain`, `/internal/repository`, `/internal/service`, `/internal/handler`, `/pkg/validator`, `/migrations`. 3. Configure strict linter (`.golangci.yml`) with `govet`, `errcheck`, `staticcheck`, `gosimple`, and `revive`. | E6: Go 1.22+, golangci-lint, Make, Docker Compose | F6: Compiling Go skeleton with Makefile & linter pipeline | G6: `golangci-lint run` exits with 0 warnings; all environment variables validated at startup via strict config struct (panic on missing critical env vars). | H6: STEP-1.1 | I6: 6 | J6: 0 | K6: =I6-J6 | L6: Not Started
A7: STEP-1.3 | B7: Phase 1: Foundation & DB Setup | C7: PostgreSQL Schema & Versioned Migrations | D7: 1. Spin up PostgreSQL 16 + Redis 7 in `docker-compose.yml`. 2. Create up/down SQL migrations for all tables using `golang-migrate`. 3. Add database-level CHECK constraints (e.g., `end_date >= start_date`, `estimated_hours >= 0`) and foreign keys with `ON DELETE RESTRICT` or `CASCADE`. 4. Enforce `TIMESTAMPTZ` (UTC) for all date/time columns. | E7: PostgreSQL 16, golang-migrate, pgx/v5, sqlc or GORM | F7: Versioned SQL migration files & automated DB health check | G7: Run up -> down -> up migration cycle cleanly; test DB CHECK constraints by attempting to insert invalid date ranges (`end_date < start_date`) and verifying PostgreSQL rejects them. | H7: STEP-1.2 | I7: 10 | J7: 0 | K7: =I7-J7 | L7: Not Started
A8: STEP-1.4 | B8: Phase 1: Foundation & DB Setup | C8: Centralized Error Handling, Logging & Middleware | D8: 1. Build structured JSON logger using Go standard `log/slog` with request correlation IDs (`X-Request-ID`). 2. Create unified error envelope (`AppError` struct mapping domain errors to HTTP 400/401/403/404/409/422/500). 3. Add panic recovery middleware so no unhandled nil pointer can crash the Go server. | E8: log/slog, gin-gonic/gin (or labstack/echo), google/uuid | F8: Middleware suite & standardized JSON API response wrapper | G8: Write unit test triggering a deliberate panic in a dummy handler and assert HTTP 500 JSON response is returned cleanly without crashing the process. | H8: STEP-1.3 | I8: 6 | J8: 0 | K8: =I8-J8 | L8: Not Started
A9: STEP-2.1 | B9: Phase 2: Auth & Role Engine | C9: User Authentication & JWT Security Service | D9: 1. Implement Argon2id or bcrypt password hashing. 2. Build JWT access token (short-lived, 15m) + refresh token rotation (stored in Redis/DB with revocation support). 3. Create `/api/v1/auth/login`, `/refresh`, `/logout`, and `/me` endpoints. | E9: golang-jwt/jwt/v5, golang.org/x/crypto/bcrypt, Redis | F9: Secure Auth API with token rotation & revocation | G9: 100% unit test coverage on token expiration, tampered signature rejection, and revoked refresh token reuse detection. | H9: STEP-1.4 | I9: 10 | J9: 0 | K9: =I9-J9 | L9: Not Started
A10: STEP-2.2 | B10: Phase 2: Auth & Role Engine | C10: System & Project-Level Role Engine (Dev, QA, BA, PM, Admin) | D10: 1. Create `roles` & `project_members` logic supporting distinct functional roles: `DEVELOPER`, `QA_ENGINEER`, `BUSINESS_ANALYST`, `PROJECT_MANAGER`, `ADMIN`. 2. Support per-user daily working capacity (e.g., default 8.0 hrs/day or custom part-time 4.0 hrs/day) and cost/billing rate. 3. Implement RBAC middleware restricting endpoints by system role and project membership. | E10: Custom Go RBAC Middleware, Casbin (optional), pgx/v5 | F10: Role management endpoints & RBAC authorization middleware | G10: Automated table-driven tests verifying a Developer cannot delete a Project, and a non-member cannot view or log time on a restricted Project. | H10: STEP-2.1 | I10: 10 | J10: 0 | K10: =I10-J10 | L10: Not Started
A11: STEP-3.1 | B11: Phase 3: Project & Timeline Core | C11: Project CRUD & Timeline Validation Service | D11: 1. Build Project service (`Create`, `Get`, `List`, `Update`, `Archive`) with `start_date`, `target_end_date`, `budget_hours`, and `status`. 2. Enforce timeline invariant: if a project already has tasks, shrinking the project timeline (`start_date` or `target_end_date`) must validate that no existing task falls outside the new range. 3. Support project milestones/phases within the project timeline. | E11: Go Validator (go-playground/validator/v10), pgx transactions | F11: Project CRUD API + Timeline Boundary Guard | G11: Test shrinking a project's end_date to earlier than an existing task's due_date; verify API returns HTTP 409 Conflict with exact offending task IDs. | H11: STEP-2.2 | I11: 12 | J11: 0 | K11: =I11-J11 | L11: Not Started
A12: STEP-3.2 | B12: Phase 3: Project & Timeline Core | C12: Project Team Allocation (Assigning Devs, QA, BA to Projects) | D12: 1. Create endpoints to assign/remove users to a Project with specific project role (`DEVELOPER`, `QA`, `BA`), allocation percentage (e.g., 100% or 50%), and effective date range (`joined_at`, `left_at`). 2. Compute total available role capacity per project (e.g., Total Dev Hours, Total QA Hours, Total BA Hours available within project dates excluding weekends/holidays). 3. Prevent duplicate user assignment to the same project role. | E12: Go time package, SQL UNIQUE constraints, pgx/v5 | F12: Team Rostering & Capacity Calculation API | G12: Verify business-day calculation accurately excludes weekends and configured company holidays across leap years and month boundaries. | H12: STEP-3.1 | I12: 12 | J12: 0 | K12: =I12-J12 | L12: Not Started
A13: STEP-4.1 | B13: Phase 4: Task Management | C13: Task Creation with Strict Project Time-Range Enforcement | D13: 1. Build Task CRUD (`title`, `description`, `project_id`, `assigned_to`, `role_required` [DEV/QA/BA], `priority`, `status`, `estimated_hours`, `start_date`, `due_date`). 2. Enforce strict rule: `task.start_date >= project.start_date` AND `task.due_date <= project.target_end_date` AND `task.due_date >= task.start_date`. 3. Validate that the assignee is an active member of the project. | E13: Go Domain Services, PostgreSQL Transactions | F13: Task Management API with Timeline & Membership Guards | G13: Write boundary tests: task starting 1 second before project start, task ending 1 second after project deadline, and assigning task to user not in project — all must fail with clear 422 errors. | H13: STEP-3.2 | I13: 14 | J13: 0 | K13: =I13-J13 | L13: Not Started
A14: STEP-4.2 | B14: Phase 4: Task Management | C14: Task Dependencies (DAG), Subtasks & Workflow State Machine | D14: 1. Implement parent-child subtasks and predecessor/successor dependencies (`task_dependencies` table: Finish-to-Start). 2. Implement Cycle Detection (Depth-First Search / Kahn's Algorithm in Go) so Task A -> Task B -> Task A circular dependencies are impossible. 3. Enforce workflow rules (e.g., moving task to `InQA` automatically notifies assigned QA; closing task requires checking open subtasks). | E14: Go Graph/DFS cycle detection algorithm, pgx/v5 | F14: Dependency Graph Validator & Task Workflow Engine | G14: Unit test 3-node and 5-node circular dependency chains (`A->B->C->A`) and verify cycle detector blocks insertion in < 5ms. | H14: STEP-4.1 | I14: 12 | J14: 0 | K14: =I14-J14 | L14: Not Started
A15: STEP-4.3 | B15: Phase 4: Task Management | C15: Multi-Role Task Estimation (BA Analysis + Dev Coding + QA Testing) | D15: 1. Allow tasks/features to break down estimated hours by role (`ba_est_hours`, `dev_est_hours`, `qa_est_hours`) or link Dev tasks to QA verification tasks. 2. Automatically calculate assignee workload across all active tasks in a given date window. 3. Flag daily over-allocation (e.g., assigning 16 hours of tasks to one developer on a single day). | E15: Go Workload Aggregator Service, SQL Window Functions | F15: Role-segmented estimation & Developer overload detector | G15: Test assigning two 6-hour tasks to the same developer on the same single day (12h > 8h capacity) and verify overload warning flag is returned. | H15: STEP-4.2 | I15: 10 | J15: 0 | K15: =I15-J15 | L15: Not Started
A16: STEP-5.1 | B16: Phase 5: Deadline Feasibility Engine | C16: Core Deadline Feasibility & Critical Path Calculator | D16: 1. Build the mathematical feasibility engine (`GET /api/v1/projects/:id/feasibility`). 2. Calculate: (a) Total Remaining Task Hours (`SUM(max(0, est_hours - logged_hours))`), (b) Remaining Net Available Team Hours from `today` to `project.target_end_date` per role (Dev, QA, BA), (c) Critical Path duration considering sequential task dependencies. 3. Output exact `Projected Completion Date`, `Buffer/Slippage Days`, and `Feasibility Status` (`ON_TRACK`, `AT_RISK`, `CRITICAL_DELAY`). | E16: Go Critical Path Method (CPM) & Capacity Engine | F16: Real-Time Deadline Feasibility & Slippage Forecasting API | G16: Test 5 synthetic project scenarios (under-capacity, exact capacity, bottlenecked QA role, long dependency chain, logged time exceeding estimate) and verify 100% mathematical accuracy. | H16: STEP-4.3 | I16: 16 | J16: 0 | K16: =I16-J16 | L16: Not Started
... A24: STEP-8.2 | B24: Phase 8: QA, Hardening & Launch | C24: Security Audit, Load Testing & Docker Production Deployment | D24: 1. Run `govulncheck` and OWASP security checks (SQLi, IDOR, rate limiting, CORS). 2. Load test feasibility & timer endpoints using `k6` (simulate 200 concurrent users logging time and querying project dashboards). 3. Build multi-stage distroless/Alpine Docker image (<30MB) with graceful shutdown (`SIGTERM` handling) and automated DB backup cron. | E24: Docker multi-stage build, k6, govulncheck, Nginx/Caddy | F24: Production-ready Docker deployment & Load Test Report | G24: 99th percentile API latency < 100ms under 200 VUs in k6; 0 errors during graceful container restart; `govulncheck` reports 0 vulnerabilities. | H24: STEP-8.1 | I24: 10 | J24: 0 | K24: =I24-J24 | L24: Not Started
A25: TOTAL | C25: Total Steps: 20 Milestones Across 8 Phases | I25: =SUM(I5:I24) | J25: =SUM(J5:J24) | K25: =SUM(K5:K24) | L25: =COUNTIF(L5:L24,"Completed")&"/"&COUNTA(A5:A24)&" Done"

Sheet Full Task Breakdown
A1: COMPLETE GRANULAR TASK BREAKDOWN (END-TO-END SYSTEM IMPLEMENTATION)
A2: Actionable Engineering Tasks with Go Specs, Edge-Case Bug Prevention Rules & Definition of Done
A4: Task ID | B4: Phase | C4: System Module | D4: Architecture Layer | E4: Task Title | F4: Technical Implementation Details (Go / SQL / UI) | G4: Zero-Bug Edge Case & Validation Rules | H4: Definition of Done (Acceptance Criteria) | I4: Assigned Role | J4: Priority | K4: Est. Hours | L4: Actual Hours | M4: Status
A5: TSK-001 | B5: Phase 1: Foundation & DB Setup | C5: Core Infrastructure | D5: Architecture & Docs | E5: Define OpenAPI 3.0 Specification for All System Modules | F5: Write `openapi.yaml` defining schemas and REST paths for Auth, Users, Roles (Dev/QA/BA/PM), Projects, ProjectMembers, Tasks, Feasibility Engine, and TimeLogs. | G5: Ensure all date fields specify ISO-8601 UTC (`2026-10-18T00:00:00Z`) and duration fields specify minutes or decimal hours consistently. | H5: Swagger UI renders without schema errors; all request/response payloads documented. | I5: Business Analyst | J5: Critical | K5: 4 | L5: 0 | M5: Not Started
A6: TSK-002 | B6: Phase 1: Foundation & DB Setup | C6: Core Infrastructure | D6: Backend (Go) | E6: Initialize Go Module, Clean Architecture Directories & Makefile | F6: Create `cmd/api/main.go`, `internal/config`, `internal/domain`, `internal/repository`, `internal/service`, `internal/handler`, `pkg/response`, `pkg/errcode`. Configure Makefile targets (`build`, `run`, `test`, `lint`, `migrate-up`). | G6: Enforce zero circular package dependencies; disallow global mutable state outside `main.go` dependency injection. | H6: `go build ./...` and `golangci-lint run` pass with 0 warnings. | I6: Backend Dev (Go) | J6: Critical | K6: 3 | L6: 0 | M6: Not Started
A7: TSK-003 | B7: Phase 1: Foundation & DB Setup | C7: Core Infrastructure | D7: Backend (Go) | E7: Implement Environment Configuration Loader with Strict Validation | F7: Use `caarlos0/env` or `viper` to load `DB_DSN`, `REDIS_ADDR`, `JWT_SECRET`, `PORT`, `WORK_HOURS_PER_DAY` (default 8.0). Fail fast on startup if required keys are missing. | G7: Reject weak `JWT_SECRET` (< 32 bytes) at startup; validate DB connection pool settings (`MaxConns`, `MinConns`, `MaxConnLifetime`). | H7: Unit test verifies app refuses to boot when required env vars are missing or malformed. | I7: Backend Dev (Go) | J7: High | K7: 2.5 | L7: 0 | M7: Not Started
A8: TSK-004 | B8: Phase 1: Foundation & DB Setup | C8: Core Infrastructure | D8: Database (PostgreSQL) | E8: Setup Docker Compose (PostgreSQL 16 + Redis 7) & Connection Pool | F8: Configure `docker-compose.yml` with persistent volumes and healthchecks. Implement `pgxpool.Pool` initialization in Go with `context.WithTimeout` ping verification. | G8: Handle transient DB startup delays with exponential backoff retry; ensure `pgxpool` runs in UTC timezone (`TimeZone=UTC`). | H8: `GET /healthz` returns HTTP 200 with DB and Redis latency in milliseconds. | I8: DevOps | J8: Critical | K8: 3 | L8: 0 | M8: Not Started
A9: TSK-005 | B9: Phase 1: Foundation & DB Setup | C9: Core Infrastructure | D9: Database (PostgreSQL) | E9: Create SQL Migrations for Users, Roles & Holiday Calendars | F9: Write `000001_init_users_roles.up.sql` creating `users` (`id` UUID PK, `email` UNIQUE, `password_hash`, `full_name`, `system_role`, `default_daily_hours` NUMERIC(4,2), `is_active`), and `company_holidays` (`holiday_date` DATE UNIQUE, `name`). | G9: Add `CHECK (default_daily_hours > 0 AND default_daily_hours <= 24)`; store emails in lowercase (`CITEXT` or `LOWER(email)` unique index). | H9: Up and down migrations execute cleanly; invalid `default_daily_hours` (e.g., 0 or 25) rejected by DB. | I9: Backend Dev (Go) | J9: Critical | K9: 3.5 | L9: 0 | M9: Not Started
A10: TSK-006 | B10: Phase 1: Foundation & DB Setup | C10: Core Infrastructure | D10: Database (PostgreSQL) | E10: Create SQL Migrations for Projects, Project Members & Milestones | F10: Write `000002_projects_and_members.up.sql` creating `projects` (`id`, `code` UNIQUE, `name`, `start_date` DATE, `target_end_date` DATE, `status`, `budget_hours`) and `project_members` (`project_id`, `user_id`, `project_role` ['DEVELOPER','QA','BA','PM'], `allocation_pct`, `daily_capacity_hrs`, `joined_date`, `left_date`). | G10: Enforce `CHECK (target_end_date >= start_date)` on `projects` and `UNIQUE (project_id, user_id, project_role)` on `project_members`. | H10: DB blocks project creation if `target_end_date < start_date` and prevents duplicate user-role assignments. | I10: Backend Dev (Go) | J10: Critical | K10: 4 | L10: 0 | M10: Not Started
A11: TSK-007 | B11: Phase 1: Foundation & DB Setup | C11: Core Infrastructure | D11: Database (PostgreSQL) | E11: Create SQL Migrations for Tasks, Dependencies & Time Logs | F11: Write `000003_tasks_and_timelogs.up.sql` creating `tasks` (`id`, `project_id`, `parent_task_id`, `title`, `assigned_to`, `required_role` ['DEVELOPER','QA','BA'], `status`, `priority`, `estimated_hours`, `logged_hours`, `start_date`, `due_date`), `task_dependencies`, and `time_logs`. | G11: Enforce `CHECK (due_date >= start_date)`, `CHECK (estimated_hours > 0)`, and partial unique index `CREATE UNIQUE INDEX idx_single_running_timer ON time_logs(user_id) WHERE end_time IS NULL`. | H11: All foreign keys, indexes, and partial unique timer index verified via SQL test script. | I11: Backend Dev (Go) | J11: Critical | K11: 4.5 | L11: 0 | M11: Not Started
A12: TSK-008 | B12: Phase 1: Foundation & DB Setup | C12: Core Infrastructure | D12: Backend (Go) | E12: Build Standardized API Response, Error Envelope & Panic Recovery Middleware | F12: Implement unified JSON response format (`{success, data, error: {code, message, details}, meta}`) and Gin/Echo middleware for request ID injection, structured `slog` logging, CORS, and panic recovery. | G12: Never leak internal SQL error strings or stack traces in HTTP 500 client responses; log full details internally with `request_id`. | H12: Unit tests confirm 400, 404, 409, 422, and recovered 500 responses match OpenAPI schema. | I12: Backend Dev (Go) | J12: High | K12: 4 | L12: 0 | M12: Not Started
A13: TSK-009 | B13: Phase 2: Auth & Role Engine | C13: Authentication & Security | D13: Backend (Go) | E13: Implement Password Hashing & JWT Access/Refresh Token Service | F13: Build `AuthService` using `bcrypt` (cost 12) or `argon2id`. Issue 15-min signed JWT access tokens (`user_id`, `system_role`) and 7-day refresh tokens stored in Redis with TTL. | G13: Reject tokens signed with `none` algorithm; enforce clock-skew tolerance <= 30s; invalidate refresh token upon logout or password change. | H13: Unit tests pass for token generation, parsing, expiration, and replay prevention. | I13: Backend Dev (Go) | J13: Critical | K13: 5 | L13: 0 | M13: Not Started
A14: TSK-010 | B14: Phase 2: Auth & Role Engine | C14: Authentication & Security | D14: Backend (Go) | E14: Build Auth REST Endpoints (`/login`, `/refresh`, `/logout`, `/me`) | F14: Create HTTP handlers for login, token refresh, logout, and fetching current user profile. Add rate-limiting middleware (e.g., max 5 failed login attempts per minute per IP). | G14: Return identical generic error message (`Invalid email or password`) for both non-existent email and wrong password to prevent user enumeration. | H14: Integration tests verify login flow, rate limiting (HTTP 429), and `/me` profile retrieval. | I14: Backend Dev (Go) | J14: Critical | K14: 4 | L14: 0 | M14: Not Started
A15: TSK-011 | B15: Phase 2: Auth & Role Engine | C15: Role & User Management | D15: Backend (Go) | E15: Implement User & Functional Role Management API (Dev, QA, BA, PM) | F15: Build endpoints `POST /api/v1/users`, `GET /api/v1/users`, `PATCH /api/v1/users/:id` allowing Admins/PMs to register team members and designate primary specialization (`DEVELOPER`, `QA`, `BA`, `PM`), skills, and daily work hours. | G15: Prevent deactivating a user who currently has an active running timer (auto-stop timer first) or reassign open tasks before deactivation. | H15: CRUD operations tested; filtering users by role (`?role=DEVELOPER`, `?role=QA`, `?role=BA`) works accurately. | I15: Backend Dev (Go) | J15: High | K15: 5 | L15: 0 | M15: Not Started
A16: TSK-012 | B16: Phase 2: Auth & Role Engine | C16: Role & User Management | D16: Backend (Go) | E16: Implement Project-Scoped RBAC Authorization Middleware | F16: Create middleware that checks both global role (Admin/PM) and project-specific role (`project_members` table: Developer, QA, BA). Ensure only PM/Admin can alter project dates, while BA/Dev/QA can manage tasks based on permissions. | G16: Prevent IDOR (Insecure Direct Object Reference): a user in Project A must get HTTP 403 Forbidden if they pass a `task_id` belonging to private Project B. | H16: Automated security test matrix covering Admin, PM, BA, Dev, QA, and Unassigned User across all routes. | I16: Backend Dev (Go) | J16: Critical | K16: 6 | L16: 0 | M16: Not Started
... A41: TSK-037 | B41: Phase 8: QA, Hardening & Launch | C41: DevOps & Production | D41: DevOps & CI/CD | E41: Configure GitHub Actions CI/CD Pipeline, Docker Multi-Stage Build & Health Probes | F41: Create `.github/workflows/ci.yml` running `golangci-lint`, `govulncheck`, `go test -race`, frontend build, and Playwright tests on every PR. Build production `Dockerfile` with graceful `SIGTERM` shutdown. | G41: Block PR merge if any test, linter check, or race detector check fails. | H41: Full stack deploys with single `docker compose -f docker-compose.prod.yml up -d` command with 0 errors. | I41: DevOps | J41: High | K41: 5.5 | L41: 0 | M41: Not Started
A42: TOTAL | E42: Total Granular Tasks: 37 Engineering Tasks | K42: =SUM(K5:K41) | L42: =SUM(L5:L41) | M42: =COUNTIF(M5:M41,"Completed")&"/"&COUNTA(A5:A41)&" Done"

Sheet Go Architecture & DB Schema
A1: GO BACKEND ARCHITECTURE, POSTGRESQL SCHEMA & DEADLINE FEASIBILITY ALGORITHM
A2: Reference Blueprint for Tables, Constraints, REST API Routes & Mathematical Formulas
A4: 1. POSTGRESQL CORE DATABASE TABLES & ZERO-BUG CONSTRAINTS
A5: Table Name | B5: Primary Key | C5: Core Columns & Types | D5: Foreign Keys & Indexes | E5: Mandatory Zero-Bug DB Constraints | F5: Purpose in System
A6: users | B6: id (UUID) | C6: email (CITEXT), password_hash (TEXT), full_name (VARCHAR), primary_role (VARCHAR: DEV/QA/BA/PM/ADMIN), default_daily_hours (NUMERIC(4,2) DEFAULT 8.00), is_active (BOOL) | D6: UNIQUE(email), IDX(primary_role) | E6: CHECK (default_daily_hours > 0 AND default_daily_hours <= 24) | F6: Stores all company employees and their default daily working capacity.
A7: projects | B7: id (UUID) | C7: code (VARCHAR UNIQUE), name (VARCHAR), description (TEXT), start_date (DATE), target_end_date (DATE), budget_hours (NUMERIC(10,2)), status (VARCHAR), created_by (UUID) | D7: FK(created_by -> users.id), IDX(status, start_date, target_end_date) | E7: CHECK (target_end_date >= start_date), CHECK (budget_hours >= 0) | F7: Defines the master project container and strict outer date boundaries.
A8: project_members | B8: id (UUID) | C8: project_id (UUID), user_id (UUID), project_role (ENUM: 'DEVELOPER','QA','BA','PM'), allocation_pct (INT DEFAULT 100), effective_daily_hours (NUMERIC(4,2)), joined_date (DATE), left_date (DATE) | D8: FK(project_id -> projects.id), FK(user_id -> users.id), UNIQUE(project_id, user_id, project_role) | E8: CHECK (allocation_pct BETWEEN 1 AND 100), CHECK (left_date IS NULL OR left_date >= joined_date) | F8: Maps who are the Developers, QAs, and BAs on each project and their capacity.
A9: tasks | B9: id (UUID) | C9: project_id (UUID), parent_task_id (UUID NULL), title (VARCHAR), assigned_to (UUID NULL), required_role (ENUM: 'DEVELOPER','QA','BA'), status (VARCHAR), priority (VARCHAR), estimated_hours (NUMERIC(8,2)), logged_hours (NUMERIC(8,2) DEFAULT 0), start_date (DATE), due_date (DATE) | D9: FK(project_id -> projects.id), FK(assigned_to -> users.id), IDX(project_id, assigned_to, status) | E9: CHECK (due_date >= start_date), CHECK (estimated_hours > 0), CHECK (logged_hours >= 0) + Trigger/Service check within Project range | F9: Stores actionable tasks constrained within project timeline with Est vs. Actual hours.
A10: task_dependencies | B10: id (UUID) | C10: project_id (UUID), task_id (UUID), depends_on_task_id (UUID), dependency_type (VARCHAR DEFAULT 'FS') | D10: FK(task_id -> tasks.id), FK(depends_on_task_id -> tasks.id), UNIQUE(task_id, depends_on_task_id) | E10: CHECK (task_id <> depends_on_task_id) + Go DFS Cycle Detection before insert | F10: Enforces Finish-to-Start task order for Critical Path & Deadline calculation.
A11: time_logs | B11: id (UUID) | C11: task_id (UUID), user_id (UUID), start_time (TIMESTAMPTZ), end_time (TIMESTAMPTZ NULL), duration_minutes (INT), description (TEXT), is_manual (BOOL), created_at (TIMESTAMPTZ) | D11: FK(task_id -> tasks.id), FK(user_id -> users.id), IDX(user_id, start_time) | E11: CREATE UNIQUE INDEX idx_one_active_timer ON time_logs(user_id) WHERE end_time IS NULL; CHECK (end_time IS NULL OR end_time >= start_time) | F11: Tracks live running timers and manual time entries with zero concurrency conflicts.
A12: company_holidays | B12: id (UUID) | C12: holiday_date (DATE UNIQUE), name (VARCHAR), is_recurring (BOOL) | D12: UNIQUE(holiday_date) | E12: CHECK (holiday_date IS NOT NULL) | F12: Excluded from working days when calculating whether tasks can meet project deadline.
A15: 2. DEADLINE FEASIBILITY ENGINE — MATHEMATICAL MODEL (IMPLEMENTED IN GO `internal/service/feasibility.go`)
A16: Step | B16: Metric Name | C16: Exact Formula / Logic in Go | D16: Role / Granularity | E16: Risk Threshold Rule | F16: Actionable Output to User
A17: Formula 1 | B17: Remaining Working Days (D_rem) | C17: Count business days in [MAX(Today_UTC, Project.StartDate), Project.TargetEndDate] WHERE weekday NOT IN (Sat, Sun) AND date NOT IN company_holidays. | D17: Project-Wide & Per-Member | E17: If D_rem <= 0 and open tasks > 0 -> Status = OVERDUE | F17: Shows exact net working days left until project deadline.
A18: Formula 2 | B18: Net Available Capacity by Role (Cap_Role) | C18: For each Role in (DEVELOPER, QA, BA): SUM over active members of (Member.WorkingDaysInWindow * Member.DefaultDailyHours * (Member.AllocationPct / 100.0)). | D18: Per Role (Dev / QA / BA) | E18: Accounts for part-time allocation and mid-project join/leave dates | F18: Displays e.g. 'Available Dev Capacity: 320 hrs | Available QA Capacity: 80 hrs'.
A19: Formula 3 | B19: Remaining Task Effort by Role (Rem_Role) | C19: For each incomplete Task (status != DONE): Task_Rem = MAX(0, Task.EstimatedHours - Task.LoggedHours). Group and sum by Task.RequiredRole. | D19: Per Role & Per Assignee | E19: If LoggedHours > EstimatedHours, prompts user to update remaining estimate | F19: Displays e.g. 'Remaining Dev Task Work: 290 hrs | Remaining QA Work: 95 hrs'.
A20: Formula 4 | B20: Role Feasibility Ratio & Buffer (Buf_Role) | C20: Buf_Role = Cap_Role - Rem_Role; Utilization_Pct = (Rem_Role / NULLIF(Cap_Role, 0)) * 100. | D20: Per Role (Dev / QA / BA) | E20: Green (ON_TRACK): Util <= 85% Amber (AT_RISK): 85% < Util <= 100% Red (CANNOT_MEET): Util > 100% | F20: Flags even if total project hours look fine but QA or Dev role specifically is overloaded.
A21: Formula 5 | B21: Individual Developer Overload Check | C21: For each Member M: Rem_Member = SUM(Task_Rem where assigned_to = M). Compare against Cap_Member before both Task.DueDate and Project.TargetEndDate. | D21: Per Individual Developer / QA / BA | E21: If Rem_Member > Cap_Member -> Member is Over-Allocated | F21: Highlights specific overloaded developer (e.g., 'Dev Kasun has 56h work in 40h available window').
A22: Formula 6 | B22: Critical Path Duration (CPM_Finish) | C22: Topological sort of task DAG: EarlyStart(T) = MAX(EarlyFinish(Preds)); EarlyFinish(T) = EarlyStart(T) + ceil(Task_Rem / AssigneeDailyHours) business days. | D22: Task Dependency Chain | E22: If max(EarlyFinish) > Project.TargetEndDate -> Dependency chain exceeds deadline | F22: Computes exact Projected Completion Date and days ahead/behind target deadline.

Sheet Zero-Bug QA Checklist
A1: ZERO-BUG ENGINEERING & QA VERIFICATION MATRIX
A2: Mandatory Edge-Case Checks to Guarantee 0 Production Bugs Across Go Backend, PostgreSQL & UI
A4: Check ID | B4: Category | C4: Bug Scenario / Risk Vector | D4: Prevention Mechanism in Go / PostgreSQL / UI | E4: Automated Test Command / Method | F4: Severity | G4: Verified?
A5: QA-01 | B5: Timeline Integrity | C5: Task created with start_date before Project start_date or due_date after Project target_end_date. | D5: 1. Go service validates `task.StartDate >= proj.StartDate && task.DueDate <= proj.TargetEndDate` inside `SERIALIZABLE` / `FOR SHARE` tx. 2. UI date-picker sets `min` and `max` to project range. | E5: `go test -v ./internal/service -run TestTaskTimelineBounds` | F5: Critical | G5: Pending
A6: QA-02 | B6: Timeline Integrity | C6: Project manager shrinks Project target_end_date while existing tasks have due_dates beyond the new end date. | D6: Project Update handler queries `MAX(due_date)` and `MIN(start_date)` of child tasks; returns HTTP 409 Conflict with list of offending tasks. | E6: `go test -v ./internal/service -run TestProjectShrinkConflict` | F6: Critical | G6: Pending
A7: QA-03 | B7: Role & Assignment | C7: Task requiring 'QA' role is assigned to a user who is not a member of the project or has left the project. | D7: Service validates `(project_id, user_id)` exists in `project_members` and `task.due_date <= COALESCE(member.left_date, proj.target_end_date)`. | E7: `go test -v ./internal/service -run TestTaskAssigneeValidation` | F7: High | G7: Pending
A8: QA-04 | B8: Dependency Graph | C8: Circular task dependency (`Task A -> Task B -> Task C -> Task A`) causes infinite loop in Deadline Feasibility calculator. | D8: Run Depth-First Search (DFS) cycle detection in Go before inserting row into `task_dependencies`. | E8: `go test -v ./internal/service -run TestDependencyCycleDetection` | F8: Critical | G8: Pending
A9: QA-05 | B9: Time Tracking Concurrency | C9: Developer double-clicks 'Start Timer' or sends concurrent requests, creating 2 simultaneous running timers. | D9: PostgreSQL partial unique index: `CREATE UNIQUE INDEX idx_single_running_timer ON time_logs(user_id) WHERE end_time IS NULL`. | E9: `go test -race -v ./internal/repository -run TestConcurrentTimerStart` | F9: Critical | G9: Pending
A10: QA-06 | B10: Time Tracking Math | C10: Floating-point rounding errors cause `tasks.logged_hours` to drift from the sum of `time_logs` after edits/deletes. | D10: Store raw durations as integer seconds/minutes (`INT`) and recompute `logged_hours = ROUND(SUM(duration_minutes)/60.0, 2)` inside the same SQL transaction. | E10: `go test -v ./internal/service -run TestTimeLogRollupConsistency` | F10: High | G10: Pending
A11: QA-07 | B11: Time Tracking Overlap | C11: User logs manual time entry from 10:00 to 12:00 and another from 11:00 to 13:00 on the same day. | D11: Query overlapping ranges `(start_time, end_time) OVERLAPS ($1, $2)` for the same `user_id` before insert/update. | E11: `go test -v ./internal/service -run TestManualTimeOverlapRejection` | F11: High | G11: Pending
A12: QA-08 | B12: Deadline Feasibility | C12: Team has 200 total hours available and 150 hours of tasks, so project looks 'On Track', but 1 Developer has 120 hours assigned in 1 week. | D12: Feasibility engine evaluates BOTH Role-level pool capacity AND Individual Member capacity before `task.due_date` and `project.target_end_date`. | E12: `go test -v ./internal/service -run TestIndividualDeveloperBottleneck` | F12: Critical | G12: Pending
A13: QA-09 | B13: Timezone & Dates | C13: Server in UTC and user in UTC+05:30 see tasks shifting by 1 day or timers logging to wrong date. | D13: Store all timestamps as `TIMESTAMPTZ` in UTC; send ISO-8601 strings; pass IANA timezone (`Asia/Colombo`) for daily timesheet grouping. | E13: `go test -v ./pkg/timeutil -run TestTimezoneBoundaryGrouping` | F13: High | G13: Pending
A14: QA-10 | B14: Go Memory & Concurrency | C14: Goroutine leak or data race under high load when computing project feasibility dashboards. | D14: Always pass `ctx context.Context` to DB queries and background goroutines; run entire test suite with Go's `-race` detector enabled. | E14: `go test -race ./...` & `golangci-lint run` | F14: Critical | G14: Pending
